email_id,sequence_id,step,subject,body,persona,industry,stage,open_rate,reply_rate
email_001,seq_saas_cto,1,Quick question regarding API scalability,"Hi {{first_name}}, I noticed your engineering team is scaling up. Many SaaS companies face latency spikes during rapid growth. We help CTOs cut latency by 40% with our edge cache layer. Are you open to a brief chat next Tuesday? Best, Sales Rep",CTO,SaaS,awareness,0.65,0.08
email_002,seq_saas_cto,2,Case study: How AcmeCorp scaled to 10M users,"Hey {{first_name}}, Following up on my last email. AcmeCorp used our modular edge cache to handle a 10x traffic surge without a single database crash. Here is the link to the case study: https://example.com/acme-case-study. Let me know if you would like a custom scaling blueprint for your stack. Cheers,",CTO,SaaS,consideration,0.45,0.03
email_003,seq_saas_cto,3,Scale assessment for {{company_name}},"Hi {{first_name}}, Since I haven't heard back, I assume scalability is not a primary concern right now or you're too busy. If that changes, feel free to grab time on my calendar here: https://example.com/calendar. This is my last email to you. Thanks,",CTO,SaaS,consideration,0.30,0.01
email_004,seq_saas_cto,4,Redis configuration blueprint for SaaS,"Hey {{first_name}}, I put together a Redis clustering config guide specifically for high-throughput Postgres stacks. It explains how to prevent standard read-lock bottlenecks during surges. Let me know if I should send it over. Best,",CTO,SaaS,consideration,0.40,0.05
email_005,seq_saas_cto,5,CTO peer group invite,"Hi {{first_name}}, I run a small private Slack community of SaaS CTOs discussing database scaling, caching architectures, and serverless cost optimization. We limit membership to engineering leaders at Series A+ companies. Let me know if you want an invite. Regards,",CTO,SaaS,decision,0.55,0.12
email_006,seq_saas_cto,6,Are we aligned on cache optimization?,"Hey {{first_name}}, I'm closing out my files for the month. Since scale isn't an active focus, this is my final outreach. If you want to benchmark your cache hits later, you can reach me here. Thanks again for your time,",CTO,SaaS,decision,0.25,0.00
email_007,seq_fintech_compliance,1,Reducing compliance audit prep time,"Hi {{first_name}}, With the new SEC regulations, compliance preparation is taking 3x longer for Fintech teams. We automate the audit trail creation directly from database logs. Can we jump on a 5-minute call to discuss your current process? Best,",VP Compliance,Fintech,awareness,0.70,0.12
email_008,seq_fintech_compliance,2,compliance reports in 1-click,"Hi {{first_name}}, I wanted to share a quick video demo (2 mins) showing how we generate audit-ready compliance reports in a single click. Is this something your team would find useful this quarter? Best,",VP Compliance,Fintech,consideration,0.50,0.04
email_009,seq_fintech_compliance,3,SEC logs audit checklist,"Hey {{first_name}}, I created a simple checklist outlining standard compliance gaps in Fintech database logging systems before audits. It covers row-level audit hashing and timestamp verification. Let me know if you want the PDF. Thanks,",VP Compliance,Fintech,consideration,0.48,0.07
email_010,seq_fintech_compliance,4,AcmeBank compliance case study,"Hi {{first_name}}, Quick follow up: AcmeBank automated their SEC logs trail using our log-cleaner schema and reduced their audit preparation window from 3 weeks to 2 hours. Here is the case study: https://example.com/acmebank-logs. Regards,",VP Compliance,Fintech,consideration,0.38,0.02
email_011,seq_fintech_compliance,5,SEC compliance assessment slot,"Hey {{first_name}}, We have a few free slots open this week for compliance audit gap assessments. We'll run a quick script on your logs structure to check for standard gaps. Are you free Thursday at 2 PM? Cheers,",VP Compliance,Fintech,decision,0.42,0.05
email_012,seq_fintech_compliance,6,Logs compliance checklist: final copy,"Hi {{first_name}}, Since I haven't heard back, I'll stop reaching out. You can find the raw logs compliance checklist here for your team's reference. All the best,",VP Compliance,Fintech,decision,0.28,0.01
email_013,seq_hr_recruiter,1,Reducing time-to-hire for engineering teams,"Hi {{first_name}}, Recruiting top-tier backend engineers is taking 45+ days for tech firms. We help HR leaders run automated technical assessments that filter out 80% of unqualified candidates before CV review. Are you open to a quick call? Best,",HR Director,HR Tech,awareness,0.60,0.10
email_014,seq_hr_recruiter,2,How ByteScale cut engineering time-to-hire by 50%,"Hey {{first_name}}, ByteScale used our automated screening assessments to reduce engineering time-to-hire from 40 days to 18 days, saving 20 hours of senior developer interview time. Let me know if you want the full case study. Best,",HR Director,HR Tech,consideration,0.45,0.06
email_015,seq_hr_recruiter,3,Technical assessment templates for HR,"Hi {{first_name}}, I put together 5 customizable coding assessment templates for Python, Go, and React engineering roles. They ensure candidate quality without frustrating candidates. Let me know if you want the Google Doc link. Thanks,",HR Director,HR Tech,consideration,0.52,0.09
email_016,seq_hr_recruiter,4,Frustrated with unqualified candidate spam?,"Hey {{first_name}}, Most job boards flood ATS systems with low-quality resumes. Our platform pre-screens candidates with a short coding test before they can submit. Would you like a 10-minute demo to see how it integrates with Greenhouse? Cheers,",HR Director,HR Tech,consideration,0.41,0.04
email_017,seq_hr_recruiter,5,Greenhouse integration walkthrough,"Hi {{first_name}}, Since you use Greenhouse, our candidate pre-screening tool can be activated with a single toggle. It triggers screening tests automatically when a CV is uploaded. Can we chat this Wednesday? Regards,",HR Director,HR Tech,decision,0.38,0.03
email_018,seq_hr_recruiter,6,Closing candidate screening files,"Hey {{first_name}}, Since candidate pre-screening isn't an active priority, I won't follow up again. If hiring velocity becomes a bottleneck later, feel free to check us out at https://example.com/recruiting. Thanks,",HR Director,HR Tech,decision,0.22,0.00
email_019,seq_health_ops,1,Reducing clinical workflow scheduling errors,"Hi {{first_name}}, Clinical scheduling bottlenecks cost clinics $50k annually in idle physician hours. We help healthcare operations managers optimize schedules using auto-allocation rules. Are you open to a brief chat next week? Best,",VP Operations,HealthTech,awareness,0.62,0.09
email_020,seq_health_ops,2,Automating physician rotation schedules,"Hey {{first_name}}, Following up. Our healthcare operations manager checklist outlines standard shift-scheduling conflicts in clinical rotations and how to automate them. Let me know if you want a copy. Cheers,",VP Operations,HealthTech,consideration,0.45,0.05
email_021,seq_health_ops,3,StJude Medical clinical scheduling success,"Hi {{first_name}}, StJude Medical used our auto-scheduling workflows to cut staff coordination errors by 70% and recover 12 idle physician hours weekly. Here is the case study: https://example.com/stjude-case. Best,",VP Operations,HealthTech,consideration,0.40,0.03
email_022,seq_health_ops,4,Physician burnout checklist for HealthTech ops,"Hey {{first_name}}, Schedule volatility is the #1 driver of clinician burnout. We created a checklist for clinical operations leaders on maintaining predictable shifts. Let me know if you'd like the PDF copy. Thanks,",VP Operations,HealthTech,consideration,0.48,0.06
email_023,seq_health_ops,5,Clinical workflow audit checklist,"Hi {{first_name}}, We have a few free operational scheduling gap assessments left for this quarter. We look at your current rotation patterns and highlight leakages. Are you open to a 10-minute audit call this Thursday? Regards,",VP Operations,HealthTech,consideration,0.39,0.04
email_024,seq_health_ops,6,Scheduling dashboard live preview,"Hey {{first_name}}, I recorded a short video walkthrough (3 mins) of our clinician allocation dashboard, highlighting how we auto-resolve double-bookings. Let me know if you want the video link. All the best,",VP Operations,HealthTech,decision,0.35,0.02
email_025,seq_health_ops,7,Operations file closeout,"Hi {{first_name}}, I assume clinical rotation scheduling optimization is not a focus right now. I'm closing out my file. If that shifts, you can grab time here: https://example.com/ops-calendar. Thanks,",VP Operations,HealthTech,decision,0.20,0.01
